CustomerID,PersonID,StoreID,TerritoryID,AccountNumber,rowguid,ModifiedDate
29484,291.0,292.0,5,AW00029484,A24C1240-1A8D-427B-91E9-6197F8CF3CAD,2014-09-12 11:15:07.263
29485,293.0,294.0,4,AW00029485,392AE773-D7EC-48AC-B8D0-6E65B770285C,2014-09-12 11:15:07.263
29486,295.0,296.0,3,AW00029486,2A5ABA2E-8DB0-4856-A773-21D185F1679E,2014-09-12 11:15:07.263
29487,297.0,298.0,2,AW00029487,676811A9-9E7F-49AF-BAAC-F6B0B053246E,2014-09-12 11:15:07.263
29488,299.0,300.0,9,AW00029488,EEEE9A74-EAEE-40E7-B4F7-B45E87CCB5A6,2014-09-12 11:15:07.263
29489,301.0,302.0,4,AW00029489,C353FE38-6147-40A3-944D-3736F6297B8C,2014-09-12 11:15:07.263
29490,303.0,304.0,1,AW00029490,7F2D6183-6AEE-4AD1-973D-F45A19B70BF7,2014-09-12 11:15:07.263
29491,305.0,306.0,5,AW00029491,62A7B13E-8AC5-4612-B97C-B16A90856BDD,2014-09-12 11:15:07.263
29492,307.0,308.0,3,AW00029492,7A2EB695-B6B9-48D4-BAD2-BD33E8CE8CA1,2014-09-12 11:15:07.263
29493,309.0,310.0,5,AW00029493,24AD63DE-1E4C-4E27-A9B0-B8C0942630DA,2014-09-12 11:15:07.263
29494,311.0,312.0,6,AW00029494,66D2DC13-4220-43B8-B2C7-131183CAEC34,2014-09-12 11:15:07.263
29495,313.0,314.0,8,AW00029495,B6F7FAAC-0212-4972-B7E8-ABABE19F4302,2014-09-12 11:15:07.263
29496,315.0,316.0,4,AW00029496,44E51EC2-9D0B-40CC-B725-1A3E81DF9519,2014-09-12 11:15:07.263
29497,317.0,318.0,1,AW00029497,EEEF3C65-08F9-49C6-AE12-A2FCDEDACAF5,2014-09-12 11:15:07.263
29498,319.0,320.0,2,AW00029498,7447847B-3887-4E26-AD3E-5355A6B8852D,2014-09-12 11:15:07.263
29499,323.0,324.0,6,AW00029499,29CD70BE-D5E5-4A7A-A1D5-521BCCE2193D,2014-09-12 11:15:07.263
29500,325.0,326.0,5,AW00029500,86327F78-506E-4A6E-A32D-43D8D2D73888,2014-09-12 11:15:07.263
29501,327.0,328.0,2,AW00029501,78961501-8775-402C-B5D5-971AD9D0EFC2,2014-09-12 11:15:07.263
29502,329.0,330.0,1,AW00029502,F193D485-3A5A-415A-9D3E-4A5DB8B4A2A0,2014-09-12 11:15:07.263
29503,331.0,332.0,6,AW00029503,76F035BE-E0E4-47A9-A873-BE3012B15C00,2014-09-12 11:15:07.263
29504,333.0,334.0,5,AW00029504,DA407EFE-2CA8-4A36-9A26-707C3941BD01,2014-09-12 11:15:07.263
29505,335.0,336.0,1,AW00029505,E8AB6307-CD3C-4C36-9FE6-B5DA7BBAB0A1,2014-09-12 11:15:07.263
29506,337.0,338.0,4,AW00029506,6A1A593C-5424-43A3-AC77-948F6CB19707,2014-09-12 11:15:07.263
29507,339.0,340.0,5,AW00029507,C2F0C2E6-E0B8-4B93-809E-32FF92D75F9C,2014-09-12 11:15:07.263
29508,341.0,342.0,4,AW00029508,273ECF85-4243-4DFF-9286-EE65CEFB404C,2014-09-12 11:15:07.263
29509,343.0,344.0,2,AW00029509,5576B67C-2E2B-4C3A-9A45-3E11D097D791,2014-09-12 11:15:07.263
29510,345.0,346.0,6,AW00029510,CF861030-DC7A-4287-8FFC-5A349BBFE08A,2014-09-12 11:15:07.263
29511,347.0,348.0,3,AW00029511,B812BC01-6796-4B5A-9D7C-C8E7C6057799,2014-09-12 11:15:07.263
29512,349.0,350.0,9,AW00029512,1880857D-2704-4082-B62E-94BE99A7DD65,2014-09-12 11:15:07.263
29513,351.0,352.0,5,AW00029513,BEDD19DA-189E-485E-8072-71B8E4764A9C,2014-09-12 11:15:07.263
29514,353.0,354.0,5,AW00029514,5BB8D536-73D1-4462-B214-4075B0395B56,2014-09-12 11:15:07.263
29515,355.0,356.0,6,AW00029515,BBC286A2-31CF-406B-86A0-584C1C48E171,2014-09-12 11:15:07.263
29516,357.0,358.0,9,AW00029516,CDE73221-4D8D-4193-B4AE-AD848B43CAAC,2014-09-12 11:15:07.263
29517,359.0,360.0,3,AW00029517,40035342-3797-4F30-AF6C-9C56FC31315A,2014-09-12 11:15:07.263
29518,361.0,362.0,5,AW00029518,BF87478D-BD70-401C-B775-B448DF3DDDCA,2014-09-12 11:15:07.263
29519,363.0,364.0,5,AW00029519,90ADD7CD-9A92-49A9-9863-AAD0051F5519,2014-09-12 11:15:07.263
29520,365.0,366.0,5,AW00029520,67AFD529-89A9-4BC5-AA25-E9D441E33BBB,2014-09-12 11:15:07.263
29521,367.0,368.0,1,AW00029521,C1E8581A-065B-42E4-A934-71FAD25CFB80,2014-09-12 11:15:07.263
29522,369.0,370.0,4,AW00029522,4862835C-7661-41FB-9745-80F275B9723A,2014-09-12 11:15:07.263
29523,371.0,372.0,4,AW00029523,7D7D6D52-79E3-4CE4-9F68-2D8B6BF4854D,2014-09-12 11:15:07.263
29524,373.0,374.0,3,AW00029524,7901EC05-A4C0-49E4-AC89-9118B3B5EC8B,2014-09-12 11:15:07.263
29525,375.0,376.0,4,AW00029525,AD907F95-DD96-4D69-A8D0-C72F64203CCA,2014-09-12 11:15:07.263
29526,377.0,378.0,8,AW00029526,96FD05C6-47F3-413E-8424-B5D7296D8CEF,2014-09-12 11:15:07.263
29527,379.0,380.0,6,AW00029527,36702D8C-0756-4B16-B0DA-8C97103D8B90,2014-09-12 11:15:07.263
29528,381.0,382.0,3,AW00029528,82C1FBD9-E2A5-4CD2-B07C-FE803B57B0C9,2014-09-12 11:15:07.263
29529,383.0,384.0,9,AW00029529,80357F26-792C-44E1-9CBC-9FB1F057CC93,2014-09-12 11:15:07.263
29530,385.0,386.0,6,AW00029530,EA3D7FC9-B1D0-4D83-8B1D-F47CCA131B0B,2014-09-12 11:15:07.263
29531,387.0,388.0,1,AW00029531,75D00AA7-752F-41C9-9C5D-899E8E3061BD,2014-09-12 11:15:07.263
29532,389.0,390.0,1,AW00029532,C5AAE356-0B32-4293-B09F-656EE3B5C04F,2014-09-12 11:15:07.263
29533,391.0,392.0,3,AW00029533,83DE2678-7DBC-4B56-9EC6-682CE7652FF3,2014-09-12 11:15:07.263
29534,393.0,394.0,5,AW00029534,5888AE9C-FF85-45ED-B882-282931386CCC,2014-09-12 11:15:07.263
29535,397.0,398.0,4,AW00029535,772BAC57-52AF-492A-97DA-30EC59DAC03B,2014-09-12 11:15:07.263
29536,405.0,406.0,3,AW00029536,8AA94321-8937-4950-AA00-504988E0A124,2014-09-12 11:15:07.263
29537,407.0,408.0,9,AW00029537,62205305-9077-4307-AC98-F03864B8200B,2014-09-12 11:15:07.263
29538,409.0,410.0,9,AW00029538,FDD19AE4-54FA-4285-94B6-06EC53A2489A,2014-09-12 11:15:07.263
29539,411.0,412.0,6,AW00029539,69DF26EC-38FB-4588-AE26-5987EDCCABF2,2014-09-12 11:15:07.263
29540,413.0,414.0,5,AW00029540,A6789F93-965D-46C9-91E8-E1319F93B8E0,2014-09-12 11:15:07.263
29541,417.0,418.0,6,AW00029541,6048EA4A-07F5-4FC6-9638-878F76822941,2014-09-12 11:15:07.263
29542,419.0,420.0,8,AW00029542,A4E22939-8114-4B06-9026-5BBBA047B085,2014-09-12 11:15:07.263
29543,421.0,422.0,2,AW00029543,79EB275F-290E-47A9-A974-46A150E8D52A,2014-09-12 11:15:07.263
29544,427.0,428.0,6,AW00029544,A9A96153-F3F1-4049-872E-592B6E674BC3,2014-09-12 11:15:07.263
29545,429.0,430.0,1,AW00029545,38DC2574-509C-4F65-B73A-68187F11B787,2014-09-12 11:15:07.263
29546,431.0,432.0,10,AW00029546,228A34A5-66EF-4A18-BEF2-BE74BEB84191,2014-09-12 11:15:07.263
29547,435.0,436.0,9,AW00029547,53863857-4A1D-406E-9607-D17A41F12DAF,2014-09-12 11:15:07.263
29548,437.0,438.0,6,AW00029548,00CFDBC0-CDD2-4436-B0AE-DD248F4E4371,2014-09-12 11:15:07.263
29549,439.0,440.0,5,AW00029549,783384F1-DE02-49DB-8869-F81E92523EBF,2014-09-12 11:15:07.263
29550,441.0,442.0,1,AW00029550,2B89C6ED-7F4E-4986-9408-38528091D899,2014-09-12 11:15:07.263
29551,443.0,444.0,2,AW00029551,98FB558C-F7A6-4A26-87C7-B692596B3BB8,2014-09-12 11:15:07.263
29552,445.0,446.0,8,AW00029552,D2445FDD-9EE5-45B2-8CEC-6819FD1D02AF,2014-09-12 11:15:07.263
29553,449.0,450.0,4,AW00029553,F7267A9A-0DB3-4A74-A652-A23EC874AB11,2014-09-12 11:15:07.263
29554,451.0,452.0,3,AW00029554,3A972EED-6DB6-47EC-963C-C52C7E256B82,2014-09-12 11:15:07.263
29555,453.0,454.0,2,AW00029555,70C0F469-7210-47CA-BEA7-BF2418E3F5A6,2014-09-12 11:15:07.263
29556,455.0,456.0,9,AW00029556,3DF96BF6-AB3A-4919-A48D-E5BABDE2FFF7,2014-09-12 11:15:07.263
29557,463.0,464.0,6,AW00029557,2BE64FF5-7723-44D0-86E2-2AFFD80B0281,2014-09-12 11:15:07.263
29558,465.0,466.0,6,AW00029558,2C9DD7E4-7832-4954-87D2-94461D750BB1,2014-09-12 11:15:07.263
29559,471.0,472.0,1,AW00029559,F21A8178-0E5B-4E88-94AE-1D46914CB020,2014-09-12 11:15:07.263
29560,473.0,474.0,4,AW00029560,ADD0CC30-6294-45CF-87FB-8E27833FB38C,2014-09-12 11:15:07.263
29561,475.0,476.0,5,AW00029561,14E6AF83-A8CF-4C24-8795-5A54075BA994,2014-09-12 11:15:07.263
29562,477.0,478.0,4,AW00029562,A1427A83-0D0C-4541-8823-42DFE2838756,2014-09-12 11:15:07.263
29563,479.0,480.0,5,AW00029563,CB9E22BA-5A1C-40F9-AC1B-627940BFC055,2014-09-12 11:15:07.263
29564,481.0,482.0,7,AW00029564,6C02F095-9D6F-43FD-8FBF-822CBF34FB51,2014-09-12 11:15:07.263
29565,483.0,484.0,4,AW00029565,271B27D9-E905-4FCE-BD85-C9C4184E3E9E,2014-09-12 11:15:07.263
29566,487.0,488.0,3,AW00029566,2A455D51-93B4-4BD7-82F3-832A1264BCA1,2014-09-12 11:15:07.263
29567,489.0,490.0,6,AW00029567,D8CB0E62-2423-4521-B8E1-0488855775A1,2014-09-12 11:15:07.263
29568,491.0,492.0,4,AW00029568,D8B39163-B4B4-428D-ACD7-1DF795D801DC,2014-09-12 11:15:07.263
29569,493.0,494.0,3,AW00029569,EB9D1CEC-596E-4775-AD51-ABD597A2679A,2014-09-12 11:15:07.263
29570,495.0,496.0,4,AW00029570,CE40D69C-5141-4B37-921F-749C22722B9F,2014-09-12 11:15:07.263
29571,497.0,498.0,1,AW00029571,0A854F09-FBE8-4BF2-BD46-7A6180CB96D0,2014-09-12 11:15:07.263
29572,501.0,502.0,5,AW00029572,95D8943C-A60E-4641-902A-C7971BCAAEEB,2014-09-12 11:15:07.263
29573,503.0,504.0,4,AW00029573,473731FF-4260-43FD-9BAE-DECEE582420E,2014-09-12 11:15:07.263
29574,505.0,506.0,4,AW00029574,B4A76396-2351-4B5B-8FEE-18F97D6FE030,2014-09-12 11:15:07.263
29575,507.0,508.0,7,AW00029575,85282E82-2BA0-4737-AA29-40294FD587F1,2014-09-12 11:15:07.263
29576,509.0,510.0,6,AW00029576,19E3AD5C-CAA8-41F6-9781-D56C651B4133,2014-09-12 11:15:07.263
29577,511.0,512.0,6,AW00029577,D6567177-9AEC-400B-9097-F3F33124242A,2014-09-12 11:15:07.263
29578,513.0,514.0,5,AW00029578,4599178A-B50A-49B9-A402-7C90D6F5B20A,2014-09-12 11:15:07.263
29579,515.0,516.0,3,AW00029579,AF37EBFF-FE33-4CC9-8141-E0D4594F50E2,2014-09-12 11:15:07.263
29580,517.0,518.0,1,AW00029580,041C42B9-857B-4B3F-B314-3BF29999AD48,2014-09-12 11:15:07.263
29581,519.0,520.0,2,AW00029581,40AFE275-E1B9-4513-97ED-766C3AD49C2B,2014-09-12 11:15:07.263
29582,521.0,522.0,1,AW00029582,3EA30AEA-3C37-4450-A3AD-97EA44B21FF6,2014-09-12 11:15:07.263
29583,523.0,524.0,3,AW00029583,63797367-055A-48FC-97C0-2C4D8573585E,2014-09-12 11:15:07.263
29584,525.0,526.0,4,AW00029584,BD077ADD-F8F5-471C-A5FD-31A61303F41F,2014-09-12 11:15:07.263
29585,527.0,528.0,1,AW00029585,11E65E98-1980-4D9F-A6C0-A6DD2885B673,2014-09-12 11:15:07.263
29586,531.0,532.0,8,AW00029586,801B76BB-BF08-45DC-AEC2-C68D37D64C64,2014-09-12 11:15:07.263
29587,533.0,534.0,10,AW00029587,8916316F-55E7-453E-9C82-F59B5FC32913,2014-09-12 11:15:07.263
29588,535.0,536.0,1,AW00029588,DEB25F8C-1D9F-442A-B686-6A505DE0C1BF,2014-09-12 11:15:07.263
29589,537.0,538.0,8,AW00029589,24724411-417C-44F2-AA2A-456E76D8B451,2014-09-12 11:15:07.263
29590,539.0,540.0,3,AW00029590,7E529A97-2B5C-4339-883F-3ECCFB85E411,2014-09-12 11:15:07.263
29591,541.0,542.0,3,AW00029591,74AA6608-703F-4F37-A447-BBF9879C0D4F,2014-09-12 11:15:07.263
29592,543.0,544.0,2,AW00029592,57C1E381-05F6-4C55-9639-D513D43D7164,2014-09-12 11:15:07.263
29593,545.0,546.0,3,AW00029593,C610F872-6183-4D98-ADA3-E3A5B1A3588D,2014-09-12 11:15:07.263
29594,547.0,548.0,2,AW00029594,D60C897E-18E2-4890-82D9-106F3C7A8CD9,2014-09-12 11:15:07.263
29595,549.0,550.0,9,AW00029595,7D70F910-979D-4217-8E32-74C48575488F,2014-09-12 11:15:07.263
29596,551.0,552.0,6,AW00029596,A6172F3E-C548-45CB-B1D7-79CA27AC267B,2014-09-12 11:15:07.263
29597,553.0,554.0,5,AW00029597,0789C02A-B6F4-4CEE-8032-C7119A499988,2014-09-12 11:15:07.263
29598,555.0,556.0,4,AW00029598,5411839C-DAA1-4827-A995-1856C8217DE2,2014-09-12 11:15:07.263
29599,557.0,558.0,1,AW00029599,985B33BB-5EB3-4CBA-87FB-250F05471374,2014-09-12 11:15:07.263
29600,559.0,560.0,3,AW00029600,2E9E3D6C-F361-49DD-885F-95E36BCDD2A2,2014-09-12 11:15:07.263
29601,561.0,562.0,6,AW00029601,18BCB5D4-14FB-4AF6-A8C2-AF791B677F6C,2014-09-12 11:15:07.263
29602,563.0,564.0,9,AW00029602,286C86EF-B941-4647-997F-7910E1C9838C,2014-09-12 11:15:07.263
29603,565.0,566.0,6,AW00029603,C8099813-1F08-41C6-8567-025CAB01F0FA,2014-09-12 11:15:07.263
29604,567.0,568.0,5,AW00029604,DABB5C0D-F13E-4E1B-AA84-BA1EE5365368,2014-09-12 11:15:07.263
29605,569.0,570.0,4,AW00029605,216795C5-FBC9-4CFF-8CE3-2400E7679FA6,2014-09-12 11:15:07.263
29606,573.0,574.0,1,AW00029606,3CEF570C-26DD-478E-9F28-015037841EE2,2014-09-12 11:15:07.263
29607,577.0,578.0,8,AW00029607,EC28AFBC-42E4-4AF3-87AF-020C15D0B09B,2014-09-12 11:15:07.263
29608,579.0,580.0,6,AW00029608,EEE846BE-2EDC-4353-BCEC-756C9BC94AC1,2014-09-12 11:15:07.263
29609,581.0,582.0,8,AW00029609,1793F827-85AB-4E0D-93AD-B8E4E4AC9B62,2014-09-12 11:15:07.263
29610,583.0,584.0,2,AW00029610,D5D07F43-556E-4FDC-9665-C343A32A8B15,2014-09-12 11:15:07.263
29611,585.0,586.0,1,AW00029611,76D4BBBD-3474-487B-9090-20F86FF81608,2014-09-12 11:15:07.263
29612,587.0,588.0,10,AW00029612,768148E4-4D17-4B9B-86CA-76F5122FC107,2014-09-12 11:15:07.263
29613,589.0,590.0,7,AW00029613,620E2EE0-A7AD-4151-AD03-C0F877FC15CB,2014-09-12 11:15:07.263
29614,591.0,592.0,6,AW00029614,1722BE43-305B-4275-8863-F6D54343F12A,2014-09-12 11:15:07.263
29615,595.0,596.0,10,AW00029615,C7E5D895-EABA-4CC6-A7AB-50B8569541D3,2014-09-12 11:15:07.263
29616,597.0,598.0,4,AW00029616,21DF3FF8-0A8F-434B-9290-E562B7DA6DCA,2014-09-12 11:15:07.263
29617,599.0,600.0,1,AW00029617,96E154EB-8F02-4651-A117-5E248685341D,2014-09-12 11:15:07.263
29618,601.0,602.0,10,AW00029618,89BE0FA2-162C-400D-9D8B-F2E557242088,2014-09-12 11:15:07.263
29619,603.0,604.0,2,AW00029619,F31ACC7A-52DF-456E-A5CD-63858F724AEC,2014-09-12 11:15:07.263
29620,607.0,608.0,6,AW00029620,A2268D9A-2511-43C3-95CC-D7DE094109F1,2014-09-12 11:15:07.263
29621,609.0,610.0,5,AW00029621,BFF0A6DF-D5F0-4A5D-982B-79890E20F63A,2014-09-12 11:15:07.263
29622,611.0,612.0,1,AW00029622,EA5EA0F8-67B9-4D47-9D52-220F951FC446,2014-09-12 11:15:07.263
29623,613.0,614.0,4,AW00029623,E9B77812-22B3-427A-8A5A-EA8275ED7B21,2014-09-12 11:15:07.263
29624,615.0,616.0,5,AW00029624,6CAB30A3-206E-4774-ABEB-A82CE23EC9C5,2014-09-12 11:15:07.263
29625,617.0,618.0,6,AW00029625,6E7DD825-A7CD-439E-BC06-7C90AACBC553,2014-09-12 11:15:07.263
29626,619.0,620.0,5,AW00029626,DD47260C-DAE5-4CB2-98F6-16428087E351,2014-09-12 11:15:07.263
29627,621.0,622.0,6,AW00029627,50AEA181-60F3-4B91-BC52-238B7CF7A9DB,2014-09-12 11:15:07.263
29628,623.0,624.0,9,AW00029628,0F4113D9-FF62-4DF2-9447-BF301B9DD3EE,2014-09-12 11:15:07.263
29629,625.0,626.0,6,AW00029629,2B0CF9C8-2517-4763-99E1-324422DF67E1,2014-09-12 11:15:07.263
29630,627.0,628.0,7,AW00029630,9D0FA5A1-4E52-4B96-AEC9-60DD0E5050B8,2014-09-12 11:15:07.263
29631,629.0,630.0,4,AW00029631,88B75A1F-858D-4750-A864-717F49A2DE10,2014-09-12 11:15:07.263
29632,631.0,632.0,1,AW00029632,B162868C-2CA6-4FF6-9DD0-6FA6C03D1B99,2014-09-12 11:15:07.263
29633,633.0,634.0,2,AW00029633,39E4200E-B6B8-4A7D-9BE7-D786FF611F97,2014-09-12 11:15:07.263
29634,635.0,636.0,8,AW00029634,BDBF5446-323B-4354-AB1B-9F5C7636AEA6,2014-09-12 11:15:07.263
29635,637.0,638.0,3,AW00029635,77FDC952-805B-4997-8363-EDE49A55D31F,2014-09-12 11:15:07.263
29636,639.0,640.0,1,AW00029636,625F2B1D-2F34-4020-88B8-032310645B2E,2014-09-12 11:15:07.263
29637,641.0,642.0,4,AW00029637,DF795C3F-BC55-4362-B8AD-3A4DCDCB2FF5,2014-09-12 11:15:07.263
29638,643.0,644.0,4,AW00029638,3611A221-A20A-463A-AC19-265DB991CCC0,2014-09-12 11:15:07.263
29639,647.0,648.0,6,AW00029639,16864FBF-49C0-46CA-AC6C-530EB20CAD1B,2014-09-12 11:15:07.263
29640,649.0,650.0,5,AW00029640,091EE3D3-8069-4859-B359-5246CAB1FA9D,2014-09-12 11:15:07.263
29641,651.0,652.0,4,AW00029641,BD94E4F9-A355-4CDA-8988-9D7B91637F13,2014-09-12 11:15:07.263
29642,653.0,654.0,5,AW00029642,B50C7E07-2CC1-4F4C-8EA0-B6717EBD2A4D,2014-09-12 11:15:07.263
29643,655.0,656.0,1,AW00029643,0396A776-C530-4F99-87DA-FF732F486D85,2014-09-12 11:15:07.263
29644,657.0,658.0,10,AW00029644,D28AA7E1-F125-44AD-A121-544332C2254F,2014-09-12 11:15:07.263
29645,659.0,660.0,1,AW00029645,0AB26819-705B-44AD-8B7D-514BE2632220,2014-09-12 11:15:07.263
29646,661.0,662.0,4,AW00029646,F21027CE-0506-4EB6-98D6-6D4E08F7087E,2014-09-12 11:15:07.263
29647,663.0,664.0,2,AW00029647,49CFB80D-E1CF-4786-B6EA-DDD242BC78EE,2014-09-12 11:15:07.263
29648,665.0,666.0,9,AW00029648,683F87FF-A0D2-4A7D-A4C7-1892E836ADBB,2014-09-12 11:15:07.263
29649,667.0,668.0,6,AW00029649,895CED36-42B7-44E8-A1E4-81AE5F721A37,2014-09-12 11:15:07.263
29650,669.0,670.0,4,AW00029650,0BA6EC0D-0B9F-4B40-AE69-3079A9EF9B22,2014-09-12 11:15:07.263
29651,671.0,672.0,3,AW00029651,50F790E6-1C54-49D1-A0BD-687A3E381C28,2014-09-12 11:15:07.263
29652,675.0,676.0,9,AW00029652,99CC6751-6B05-4155-98E9-126FB4B5E292,2014-09-12 11:15:07.263
29653,681.0,682.0,4,AW00029653,16FFB394-535A-428D-AA61-96863A7AC191,2014-09-12 11:15:07.263
29654,683.0,684.0,3,AW00029654,F92CE3CA-13DD-4E50-B882-8CA0CC320DCB,2014-09-12 11:15:07.263
29655,685.0,686.0,3,AW00029655,A456FE6E-DFFD-4BB0-9585-ABD9229194F8,2014-09-12 11:15:07.263
29656,687.0,688.0,9,AW00029656,D60E81BD-7E05-4BEE-BB49-125DEB47CD01,2014-09-12 11:15:07.263
29657,689.0,690.0,9,AW00029657,4932AA99-CB08-4202-B729-FF4F40693073,2014-09-12 11:15:07.263
29658,691.0,692.0,2,AW00029658,81ED8F8D-AF6B-45B1-9129-6D0AE90AB4B0,2014-09-12 11:15:07.263
29659,693.0,694.0,4,AW00029659,293F44D5-8949-4FD0-9337-DDACD20FD948,2014-09-12 11:15:07.263
29660,695.0,696.0,4,AW00029660,E24193F1-F5DF-481E-AC1A-BAB86BD72C54,2014-09-12 11:15:07.263
29661,697.0,698.0,5,AW00029661,28983CA6-3172-4F8C-935C-F2E5C2C8AE35,2014-09-12 11:15:07.263
29662,699.0,700.0,4,AW00029662,E4665260-D5A1-4B3D-B727-09407FD598F1,2014-09-12 11:15:07.263
29663,701.0,702.0,3,AW00029663,E7DA5DB3-117A-49F9-A4C7-4D24D1FB75BF,2014-09-12 11:15:07.263
29664,703.0,704.0,2,AW00029664,8AEC852B-6934-4A55-B7D8-56BFF087CFE9,2014-09-12 11:15:07.263
29665,705.0,706.0,9,AW00029665,D815D7EC-D4B4-449A-ABE5-9AB7128CF8EF,2014-09-12 11:15:07.263
29666,707.0,708.0,6,AW00029666,D59815EC-776C-403F-AB1F-90712BBAD966,2014-09-12 11:15:07.263
29667,709.0,710.0,5,AW00029667,5C715535-65E3-4AC0-94D2-EBA17DEF0602,2014-09-12 11:15:07.263
29668,713.0,714.0,3,AW00029668,02628723-F551-4361-A033-76C438616397,2014-09-12 11:15:07.263
29669,715.0,716.0,2,AW00029669,A4DA2E4B-E977-4832-9D57-2396CB7CA54D,2014-09-12 11:15:07.263
29670,717.0,718.0,9,AW00029670,80C23691-A5B6-496B-90FE-1173FE922427,2014-09-12 11:15:07.263
29671,719.0,720.0,6,AW00029671,1D66E73C-E136-417F-AF0B-AC224D8A7AA3,2014-09-12 11:15:07.263
29672,721.0,722.0,5,AW00029672,8EE350F7-ED50-4534-9B5A-BD938B7A1669,2014-09-12 11:15:07.263
29673,723.0,724.0,4,AW00029673,82FF1AAC-744A-447D-87D6-7FAC7C2BAF89,2014-09-12 11:15:07.263
29674,725.0,726.0,3,AW00029674,F786CFB2-375C-4669-BEFC-42832C09F36A,2014-09-12 11:15:07.263
29675,727.0,728.0,2,AW00029675,CFD478DA-DDEB-4B93-AF4B-BD4219450EE7,2014-09-12 11:15:07.263
29676,729.0,730.0,8,AW00029676,97EAE9AE-0A6B-4A3D-BAFA-5B032F14C700,2014-09-12 11:15:07.263
29677,731.0,732.0,6,AW00029677,55C0550F-92F6-49BF-A5F9-B88FBF037B04,2014-09-12 11:15:07.263
29678,733.0,734.0,5,AW00029678,829DF438-B193-44D6-8B3F-BD0F290551AB,2014-09-12 11:15:07.263
29679,735.0,736.0,8,AW00029679,E92BC241-9A0D-438B-80F6-4EB4DBD83386,2014-09-12 11:15:07.263
29680,737.0,738.0,6,AW00029680,E81EFE51-E6D6-4178-822B-280BEF4A62E6,2014-09-12 11:15:07.263
29681,739.0,740.0,5,AW00029681,C11CE8D1-BD8D-4991-A6C2-A04AFEBB3329,2014-09-12 11:15:07.263
29682,741.0,742.0,4,AW00029682,6E0D2D51-9957-4449-A625-2F1493A0419E,2014-09-12 11:15:07.263
29683,743.0,744.0,1,AW00029683,F5594FBF-D2E8-4D1D-A522-A5F003470401,2014-09-12 11:15:07.263
29684,745.0,746.0,3,AW00029684,E2E14D3C-C100-4541-AD38-9CD1BB8C7B9A,2014-09-12 11:15:07.263
29685,751.0,752.0,5,AW00029685,06FF79D8-178C-4B58-BFA4-FE062A62572C,2014-09-12 11:15:07.263
29686,753.0,754.0,4,AW00029686,6F023446-D4C3-43EB-9AD2-1DCE20948111,2014-09-12 11:15:07.263
29687,757.0,758.0,8,AW00029687,BA895C55-3D37-4384-B6EA-5569CFEFEC7E,2014-09-12 11:15:07.263
29688,759.0,760.0,3,AW00029688,D60AE47B-4A9F-44B5-A7AE-3D1091040242,2014-09-12 11:15:07.263
29689,761.0,762.0,1,AW00029689,AFD514C0-D0B3-4DFE-A637-BA1622FAE8A1,2014-09-12 11:15:07.263
29690,763.0,764.0,1,AW00029690,BFADDEE5-D70C-4325-9C87-34D99C449391,2014-09-12 11:15:07.263
29691,765.0,766.0,5,AW00029691,0D1BED06-55C9-4ECE-A8FF-3D57CA8C6722,2014-09-12 11:15:07.263
29692,767.0,768.0,6,AW00029692,F5589EF1-277F-449E-A042-71571B86449A,2014-09-12 11:15:07.263
29693,769.0,770.0,8,AW00029693,7D36684C-3AEF-4854-AFCB-5ACCEC27BBBE,2014-09-12 11:15:07.263
29694,771.0,772.0,2,AW00029694,2D91BF03-79C8-4F15-B64A-8C7054EB3CA1,2014-09-12 11:15:07.263
29695,773.0,774.0,1,AW00029695,27B23835-1295-4527-8FB5-FCA7D91A4C8F,2014-09-12 11:15:07.263
29696,775.0,776.0,4,AW00029696,C7CBB299-403E-4C27-BAC7-AB690CB7891A,2014-09-12 11:15:07.263
29697,777.0,778.0,5,AW00029697,2D0685D2-ACFC-4024-AAFF-F013C2505052,2014-09-12 11:15:07.263
29698,779.0,780.0,6,AW00029698,68D9D7F4-4E7C-4752-AB9F-EF90CFEDB111,2014-09-12 11:15:07.263
29699,781.0,782.0,6,AW00029699,719C6825-24A8-4982-8CF6-E7886C4983E7,2014-09-12 11:15:07.263
29700,783.0,784.0,9,AW00029700,DAFB7BF7-8955-4621-9911-7EF99496FD30,2014-09-12 11:15:07.263
29701,785.0,786.0,2,AW00029701,3D4B41C6-FD35-4C69-9D7B-085070352303,2014-09-12 11:15:07.263
29702,787.0,788.0,4,AW00029702,0836CDF2-523B-40C5-A491-F9E5D3736333,2014-09-12 11:15:07.263
29703,789.0,790.0,4,AW00029703,5A341978-F3D1-4812-BF75-EB00CA9682E3,2014-09-12 11:15:07.263
29704,791.0,792.0,5,AW00029704,A55BF25C-5C05-48DA-9503-EBDF086345B5,2014-09-12 11:15:07.263
29705,793.0,794.0,6,AW00029705,52E54E40-7914-4340-B5D8-F460753F849D,2014-09-12 11:15:07.263
29706,795.0,796.0,9,AW00029706,22C392E0-7B3C-4482-A222-AC5442707312,2014-09-12 11:15:07.263
29707,797.0,798.0,5,AW00029707,87E8D362-DE09-464F-A9B5-40BB9D2C4F42,2014-09-12 11:15:07.263
29708,799.0,800.0,4,AW00029708,633E70BB-508F-45A9-9E1B-94AFD9513A01,2014-09-12 11:15:07.263
29709,801.0,802.0,1,AW00029709,139742BF-9980-4D0A-9A76-1E8C9701504B,2014-09-12 11:15:07.263
29710,803.0,804.0,1,AW00029710,A37A4F71-12A9-4055-BCA8-C18B79098AF1,2014-09-12 11:15:07.263
29711,805.0,806.0,6,AW00029711,B34DF238-E77E-4832-8184-487F0321F98F,2014-09-12 11:15:07.263
29712,807.0,808.0,7,AW00029712,BB565E04-DCD8-4356-BACA-FCDCFF490A6F,2014-09-12 11:15:07.263
29713,809.0,810.0,10,AW00029713,31D75DE8-5F8D-4513-AB55-4269D29BAFFD,2014-09-12 11:15:07.263
29714,811.0,812.0,6,AW00029714,DF3FEDCE-E229-4EE7-8F01-402C29B7187F,2014-09-12 11:15:07.263
29715,813.0,814.0,5,AW00029715,37FE5027-1C6D-40F2-BEDA-0487B30D3125,2014-09-12 11:15:07.263
29716,815.0,816.0,4,AW00029716,803D1CD3-8C99-48F1-945B-85EDBE393AF8,2014-09-12 11:15:07.263
29717,817.0,818.0,1,AW00029717,3E2C8BED-D9A3-43E1-88C9-D99BB37DECF2,2014-09-12 11:15:07.263
29718,819.0,820.0,2,AW00029718,1B2FC2CC-6B94-42D5-9E69-7BFFAE7CF39D,2014-09-12 11:15:07.263
29719,821.0,822.0,1,AW00029719,D839E525-0420-4FF9-858F-8226EABE8C70,2014-09-12 11:15:07.263
29720,823.0,824.0,1,AW00029720,780CC0A0-5F32-4A54-9CF9-BD4E6090BF69,2014-09-12 11:15:07.263
29721,825.0,826.0,5,AW00029721,29766DB1-461F-48C9-804E-9E537E234557,2014-09-12 11:15:07.263
29722,827.0,828.0,6,AW00029722,68396E18-907F-4CD5-A5F8-84D7969DAC11,2014-09-12 11:15:07.263
29723,829.0,830.0,8,AW00029723,31F4D973-9A9A-4D98-BA8A-EA21BDA26D20,2014-09-12 11:15:07.263
29724,831.0,832.0,2,AW00029724,D6A05A15-C7DE-4B72-8498-27BFACDC6E64,2014-09-12 11:15:07.263
29725,833.0,834.0,8,AW00029725,0905819D-D615-4D2E-A3BC-4C52A85C9789,2014-09-12 11:15:07.263
29726,835.0,836.0,2,AW00029726,3A54B69B-22E7-46CC-839E-E5B8EA3AEC62,2014-09-12 11:15:07.263
29727,837.0,838.0,1,AW00029727,CA138A8B-0D82-45B4-92E2-4DE3A3FDC2F6,2014-09-12 11:15:07.263
29728,839.0,840.0,1,AW00029728,E7FB711F-AC12-408A-A6F1-8AF3428DDACB,2014-09-12 11:15:07.263
29729,841.0,842.0,5,AW00029729,C472B21A-22B6-4095-B061-92F1F3FB1431,2014-09-12 11:15:07.263
29730,843.0,844.0,6,AW00029730,651C8184-9BF1-4A57-982D-E0F35E06FCEA,2014-09-12 11:15:07.263
29731,845.0,846.0,2,AW00029731,FD2D8B32-1029-4A39-BB04-7B86A3B93612,2014-09-12 11:15:07.263
29732,847.0,848.0,4,AW00029732,6515368A-C51E-4B53-858F-377067379799,2014-09-12 11:15:07.263
29733,849.0,850.0,4,AW00029733,E8F81644-1D44-4D25-9756-5897E20FBAAE,2014-09-12 11:15:07.263
29734,851.0,852.0,6,AW00029734,789F3CEE-056D-48CB-8805-1F69B61D020F,2014-09-12 11:15:07.263
29735,853.0,854.0,7,AW00029735,338F2952-B8B1-4274-B743-6B2287CDBB59,2014-09-12 11:15:07.263
29736,855.0,856.0,10,AW00029736,2252470B-71F6-4077-A744-613525A2DF0D,2014-09-12 11:15:07.263
29737,857.0,858.0,1,AW00029737,31F1935F-6C9A-43D7-8308-4EE7CD05AC56,2014-09-12 11:15:07.263
29738,859.0,860.0,3,AW00029738,45670EE4-0A61-4029-BB82-CBF857D17C3F,2014-09-12 11:15:07.263
29739,861.0,862.0,4,AW00029739,230503E0-1713-45AF-AB88-E424CB7EE88F,2014-09-12 11:15:07.263
29740,863.0,864.0,6,AW00029740,AE422EA0-D7C2-4804-8E11-3354822A72AE,2014-09-12 11:15:07.263
29741,867.0,868.0,10,AW00029741,7D8C6B41-4D65-4F2C-AB91-5FCE276B5BF5,2014-09-12 11:15:07.263
29742,869.0,870.0,1,AW00029742,6E7EB054-AB8E-4F7B-9B94-36010B817829,2014-09-12 11:15:07.263
29743,871.0,872.0,3,AW00029743,E67FFF84-4C4B-4DA1-BECB-F9D46C8532F0,2014-09-12 11:15:07.263
29744,873.0,874.0,4,AW00029744,05B8AF66-8AB7-4DEB-9A8B-55F5BE12E0CF,2014-09-12 11:15:07.263
29745,875.0,876.0,8,AW00029745,E9CC619C-EA58-49FA-BCEC-BC72B36F8AB1,2014-09-12 11:15:07.263
29746,877.0,878.0,2,AW00029746,02E4BBBB-73C4-4588-BAE6-7537F5D9D085,2014-09-12 11:15:07.263
29747,879.0,880.0,1,AW00029747,6DA910EF-E6F8-438D-AB3C-82725C41BC6D,2014-09-12 11:15:07.263
29748,881.0,882.0,4,AW00029748,A33442C5-66E8-4FE6-8956-DF59E10C31FC,2014-09-12 11:15:07.263
29749,883.0,884.0,5,AW00029749,B72243B6-01BD-4C22-82B1-0191D1F60403,2014-09-12 11:15:07.263
29750,885.0,886.0,6,AW00029750,6ABBCF8F-46D6-4643-938F-F36CEACD4385,2014-09-12 11:15:07.263
29751,887.0,888.0,8,AW00029751,9E45F47E-61D0-4086-ADAC-A34031429B2A,2014-09-12 11:15:07.263
29752,889.0,890.0,2,AW00029752,F817E6A7-5C9F-4E77-A1A7-03C2C9E03BC9,2014-09-12 11:15:07.263
29753,891.0,892.0,1,AW00029753,F9FEE375-1E4C-433F-BA88-6289A7572081,2014-09-12 11:15:07.263
29754,893.0,894.0,9,AW00029754,3CA8D067-5612-433E-A9E6-E0D680D14AD1,2014-09-12 11:15:07.263
29755,895.0,896.0,6,AW00029755,470125B0-0659-4794-A945-6F726920C983,2014-09-12 11:15:07.263
29756,897.0,898.0,5,AW00029756,00E53931-4270-4F2A-92DF-4F2BFEADBFA6,2014-09-12 11:15:07.263
29757,899.0,900.0,4,AW00029757,F90748FF-6A57-4A62-80D9-BDB134E1408D,2014-09-12 11:15:07.263
29758,901.0,902.0,4,AW00029758,2FE3A6BA-4D59-4BCE-83FC-98A8471DAB30,2014-09-12 11:15:07.263
29759,903.0,904.0,2,AW00029759,2477B33C-986B-48D4-8F1B-4B1F36691DB2,2014-09-12 11:15:07.263
29760,905.0,906.0,9,AW00029760,70E7F4E8-88EA-41D4-9A4C-029370C27C11,2014-09-12 11:15:07.263
29761,907.0,908.0,6,AW00029761,C994CD65-AC9D-4560-909C-6F2090A516FF,2014-09-12 11:15:07.263
29762,909.0,910.0,5,AW00029762,E793D2BC-B333-4BB7-AC0B-BFDB5301820B,2014-09-12 11:15:07.263
29763,911.0,912.0,4,AW00029763,4611605F-4D45-4DD1-80FD-B418FE4AF0BA,2014-09-12 11:15:07.263
29764,913.0,914.0,4,AW00029764,9EABC427-1257-4628-8BEB-88A9990A601C,2014-09-12 11:15:07.263
29765,915.0,916.0,3,AW00029765,97C380B3-7CCF-4E10-8D3F-2F0734C9AB0A,2014-09-12 11:15:07.263
29766,919.0,920.0,6,AW00029766,9EFB3752-7F40-4E64-B9E2-383A6DF6AEFA,2014-09-12 11:15:07.263
29767,921.0,922.0,5,AW00029767,91EF614A-3647-427D-86CC-E7F983FA32FD,2014-09-12 11:15:07.263
29768,923.0,924.0,4,AW00029768,C5614F21-602E-49E6-9021-B405BE529B46,2014-09-12 11:15:07.263
29769,925.0,926.0,3,AW00029769,8C81DD5F-EA36-47B0-A5F1-7583BC5DABC2,2014-09-12 11:15:07.263
29770,927.0,928.0,6,AW00029770,7B3994CC-51C3-4C0A-9665-3A3D71F85677,2014-09-12 11:15:07.263
29771,929.0,930.0,1,AW00029771,281316F0-4FA6-42FD-8B3A-B532B38A7F84,2014-09-12 11:15:07.263
29772,931.0,932.0,4,AW00029772,949E9AC8-F8F6-4F7F-BA2D-87187AC56919,2014-09-12 11:15:07.263
29773,933.0,934.0,1,AW00029773,B956A64D-040C-4230-AC9B-B927F7DD1BA7,2014-09-12 11:15:07.263
29774,935.0,936.0,4,AW00029774,244B87FF-CD2F-4993-913E-685BFC4ADD83,2014-09-12 11:15:07.263
29775,937.0,938.0,1,AW00029775,A305BDD1-9295-4F69-9D6F-44DF37B99E21,2014-09-12 11:15:07.263
29776,939.0,940.0,10,AW00029776,94389425-D35B-4F7B-A116-CA067050B8D5,2014-09-12 11:15:07.263
29777,941.0,942.0,7,AW00029777,C7CF079B-E4C7-4846-9836-B27143AE3E62,2014-09-12 11:15:07.263
29778,943.0,944.0,10,AW00029778,6ACC4810-DDDF-4202-9DAA-8261B2FFE2C6,2014-09-12 11:15:07.263
29779,945.0,946.0,7,AW00029779,32DE493B-9B1D-423E-AA26-43A9C3E9BC56,2014-09-12 11:15:07.263
29780,947.0,948.0,6,AW00029780,CB6D6A16-6722-457B-94BF-03F5CAC268A3,2014-09-12 11:15:07.263
29781,949.0,950.0,4,AW00029781,68835187-35C9-4C57-A0CF-CB9EB2E713D7,2014-09-12 11:15:07.263
29782,951.0,952.0,3,AW00029782,A96F3B09-7114-4335-93B5-35463F4D4063,2014-09-12 11:15:07.263
29783,953.0,954.0,3,AW00029783,805255FB-6C18-45AE-88F3-C70D3D9F04CD,2014-09-12 11:15:07.263
29784,957.0,958.0,4,AW00029784,45F0A45D-6EC0-4F4C-A5AB-00B128AF62FD,2014-09-12 11:15:07.263
29785,959.0,960.0,6,AW00029785,0C3EF14A-932C-45F0-8B28-5867136C07BA,2014-09-12 11:15:07.263
29786,961.0,962.0,7,AW00029786,D3420637-6740-47E6-8C30-160988091DBB,2014-09-12 11:15:07.263
29787,963.0,964.0,1,AW00029787,1A5A9944-00ED-40B0-8193-1CC44ECC390A,2014-09-12 11:15:07.263
29788,965.0,966.0,4,AW00029788,32D1FAB8-B86B-4C09-8140-E169AF24850C,2014-09-12 11:15:07.263
29789,969.0,970.0,6,AW00029789,30B8D273-0502-4641-AABD-FF4097F0B9D1,2014-09-12 11:15:07.263
29790,971.0,972.0,9,AW00029790,CFFE57E8-9311-42DD-8A0D-274F7DB5911D,2014-09-12 11:15:07.263
29791,973.0,974.0,2,AW00029791,039E04B3-5010-405E-8622-25F69ABEE878,2014-09-12 11:15:07.263
29792,975.0,976.0,4,AW00029792,656B9F38-EC67-459A-B467-E2119D0504D0,2014-09-12 11:15:07.263
29793,977.0,978.0,4,AW00029793,07BEBA09-2CEB-434B-A9A5-EB864C0E88D2,2014-09-12 11:15:07.263
29794,979.0,980.0,6,AW00029794,672D41A8-2F15-474A-AD2F-934E2BDA6A4B,2014-09-12 11:15:07.263
29795,981.0,982.0,7,AW00029795,02CE5CB7-25B4-4090-8914-C149C5B475D8,2014-09-12 11:15:07.263
29796,983.0,984.0,10,AW00029796,A580DD97-441A-4CF8-9D9E-7E1EBE6CEC43,2014-09-12 11:15:07.263
29797,985.0,986.0,6,AW00029797,C96F6AC7-EECE-4218-8B74-8607255F5CF9,2014-09-12 11:15:07.263
29798,987.0,988.0,5,AW00029798,60D67749-C22A-4178-BD52-624E2753C9CD,2014-09-12 11:15:07.263
29799,989.0,990.0,4,AW00029799,93813C3C-DDBD-4CEA-814D-2AEAE1483709,2014-09-12 11:15:07.263
29800,991.0,992.0,1,AW00029800,F9C425CC-9DC8-468C-AC9D-6D7170C46CAC,2014-09-12 11:15:07.263
29801,993.0,994.0,2,AW00029801,5A1610D2-787C-4AC3-8AC9-C024C5F3DAA9,2014-09-12 11:15:07.263
29802,995.0,996.0,8,AW00029802,3B15519D-6872-41F1-B21F-0D2EA1ACC122,2014-09-12 11:15:07.263
29803,997.0,998.0,6,AW00029803,DE649D6B-0F40-4170-A584-4AF87DF50083,2014-09-12 11:15:07.263
29804,999.0,1000.0,5,AW00029804,B1A1D675-1DC3-488F-B7AA-AC2031B26BEE,2014-09-12 11:15:07.263
29805,1001.0,1002.0,4,AW00029805,3E2CC8AF-269E-4554-B536-C3CF0E8E8995,2014-09-12 11:15:07.263
29806,1003.0,1004.0,1,AW00029806,1DFC1ABB-AC04-4940-8882-2231B67208FA,2014-09-12 11:15:07.263
29807,1009.0,1010.0,6,AW00029807,0F507872-3457-4BCC-B201-FA56CB4EAC34,2014-09-12 11:15:07.263
29808,1011.0,1012.0,5,AW00029808,E6056AC3-AFAA-4BCC-9A09-3E7669D89B92,2014-09-12 11:15:07.263
29809,1013.0,1014.0,4,AW00029809,D1453537-6387-4312-B6A9-6FF3688B074A,2014-09-12 11:15:07.263
29810,1015.0,1016.0,1,AW00029810,9A2FC10A-6B58-4B39-8BF9-DA3ABE5D58FA,2014-09-12 11:15:07.263
29811,1017.0,1018.0,5,AW00029811,79B9BB1C-3636-4A53-A926-1480E8DE619F,2014-09-12 11:15:07.263
29812,1019.0,1020.0,8,AW00029812,B63C1E91-A553-45D1-AF88-1B1AB1A4079D,2014-09-12 11:15:07.263
29813,1021.0,1022.0,6,AW00029813,7FDA6311-55EB-4F2B-ADEB-050332BFAC56,2014-09-12 11:15:07.263
29814,1023.0,1024.0,5,AW00029814,B5807B87-6E2A-4D52-A81A-5C9851B1FC7C,2014-09-12 11:15:07.263
29815,1025.0,1026.0,4,AW00029815,83810B74-5BAD-481C-9035-12CD5124F5D5,2014-09-12 11:15:07.263
29816,1027.0,1028.0,1,AW00029816,E10291DA-B850-451C-9A22-DD4E1DBA22CC,2014-09-12 11:15:07.263
29817,1029.0,1030.0,5,AW00029817,0ED28F96-6ABA-4425-BA40-E8C6DD07F504,2014-09-12 11:15:07.263
29818,1031.0,1032.0,1,AW00029818,A57036D7-1E64-41DF-9FF5-DA7340A9EAC5,2014-09-12 11:15:07.263
29819,1033.0,1034.0,3,AW00029819,6980C636-0E9D-41CE-8FBD-3B07AFC1A681,2014-09-12 11:15:07.263
29820,1035.0,1036.0,2,AW00029820,23CFF332-6467-4327-9EBC-9B0F6176C3EE,2014-09-12 11:15:07.263
29821,1037.0,1038.0,9,AW00029821,EE4022C8-137E-486B-8366-83C96F04B645,2014-09-12 11:15:07.263
29822,1039.0,1040.0,6,AW00029822,EFDB88D8-C3B7-4F83-AC33-1E85AE65D6B9,2014-09-12 11:15:07.263
29823,1041.0,1042.0,9,AW00029823,4F9A203E-38CE-4925-9EF5-D842A52B23A6,2014-09-12 11:15:07.263
29824,1043.0,1044.0,6,AW00029824,491A2969-9914-4234-8C1D-9F0349F02C55,2014-09-12 11:15:07.263
29825,1045.0,1046.0,5,AW00029825,0C6B3FA2-F1D8-4764-B97F-441CFA090562,2014-09-12 11:15:07.263
29826,1047.0,1048.0,1,AW00029826,2C442176-E8EA-4613-A237-308E90E8A387,2014-09-12 11:15:07.263
29827,1049.0,1050.0,3,AW00029827,E62A4E9F-FF47-419B-9A27-54B849611F87,2014-09-12 11:15:07.263
29828,1051.0,1052.0,2,AW00029828,49F87BB5-913F-4EE1-8C29-243C3E6FD9B7,2014-09-12 11:15:07.263
29829,1053.0,1054.0,9,AW00029829,E2A52D84-4304-49E2-9F51-CEF61E989CC4,2014-09-12 11:15:07.263
29830,1055.0,1056.0,6,AW00029830,6BB1B29F-7821-4344-AD8F-6D0EA72FF6E4,2014-09-12 11:15:07.263
29831,1059.0,1060.0,6,AW00029831,89A6DC5E-0D18-43EF-B959-232F9599DF30,2014-09-12 11:15:07.263
29832,1061.0,1062.0,6,AW00029832,B6CC3146-FFE6-49A6-9D8E-1879EF993BF4,2014-09-12 11:15:07.263
29833,1063.0,1064.0,5,AW00029833,D82D1AF6-09BD-4803-B0CE-0B89A264A60C,2014-09-12 11:15:07.263
29834,1065.0,1066.0,4,AW00029834,15A5CC63-89D5-4348-857F-C8EAF4F856C2,2014-09-12 11:15:07.263
29835,1067.0,1068.0,1,AW00029835,1AB8FDBD-5DE5-4978-8CBA-1F11E9B088D8,2014-09-12 11:15:07.263
29836,1069.0,1070.0,2,AW00029836,15F9173B-F5BC-4F78-B7E3-AD3047667812,2014-09-12 11:15:07.263
29837,1071.0,1072.0,8,AW00029837,50ACC3E8-FC5A-4E74-9421-1BBE0EA70E14,2014-09-12 11:15:07.263
29838,1073.0,1074.0,2,AW00029838,E837BAA2-9813-4D29-AE05-AAE607C8ED8A,2014-09-12 11:15:07.263
29839,1075.0,1076.0,8,AW00029839,94D6DF4E-C50B-4FA5-9115-5AD144535F3E,2014-09-12 11:15:07.263
29840,1077.0,1078.0,6,AW00029840,5DD7F0FD-E9EB-4F47-ADFE-E8AA50608C64,2014-09-12 11:15:07.263
29841,1079.0,1080.0,5,AW00029841,277F4601-20AA-434C-B822-7D30A0A7D4C2,2014-09-12 11:15:07.263
29842,1081.0,1082.0,4,AW00029842,5D6433E4-A1A5-43EB-9056-78F234C9150E,2014-09-12 11:15:07.263
29843,1083.0,1084.0,1,AW00029843,F2C13E63-AE28-4A72-B011-D6377449AB90,2014-09-12 11:15:07.263
29844,1085.0,1086.0,2,AW00029844,530589ED-7FDA-4D23-804E-A4BD17468415,2014-09-12 11:15:07.263
29845,1087.0,1088.0,8,AW00029845,F1A85F43-C692-49F7-8341-215FCB6B7635,2014-09-12 11:15:07.263
29846,1089.0,1090.0,5,AW00029846,EC46F3D3-E1F3-410F-91DE-E907AB79D3C4,2014-09-12 11:15:07.263
29847,1091.0,1092.0,4,AW00029847,FDD7D9CB-9A81-40FC-BAF6-FACDE8DA4923,2014-09-12 11:15:07.263
29848,1093.0,1094.0,3,AW00029848,142B9355-5D6B-4E97-9091-9459B32B1F33,2014-09-12 11:15:07.263
29849,1095.0,1096.0,5,AW00029849,3E93DFD8-6CB5-483E-BC6D-03863E8C7A94,2014-09-12 11:15:07.263
29850,1099.0,1100.0,4,AW00029850,2790EC9D-DA39-4AE2-9FF8-E810A3B61CD5,2014-09-12 11:15:07.263
29851,1101.0,1102.0,10,AW00029851,7B7381B3-75E4-4017-A79C-07E195AC97CD,2014-09-12 11:15:07.263
29852,1105.0,1106.0,6,AW00029852,E889CC1C-4CA1-4684-97BC-26E65D7CE755,2014-09-12 11:15:07.263
29853,1107.0,1108.0,4,AW00029853,29804847-B115-4EE5-BF5D-370C178900DE,2014-09-12 11:15:07.263
29854,1109.0,1110.0,3,AW00029854,08719008-3F75-4722-A65D-B179B6B1DC15,2014-09-12 11:15:07.263
29855,1111.0,1112.0,6,AW00029855,68A5104E-08B0-41E8-92D0-494A00818E1D,2014-09-12 11:15:07.263
29856,1113.0,1114.0,7,AW00029856,3D355DDB-3675-4E59-9F31-6A26EF586D75,2014-09-12 11:15:07.263
29857,1115.0,1116.0,10,AW00029857,5DCBABCC-3118-4B84-A488-A9FADA3A15F1,2014-09-12 11:15:07.263
29858,1117.0,1118.0,1,AW00029858,44A21C41-BFC8-4551-89AD-344C26966A74,2014-09-12 11:15:07.263
29859,1119.0,1120.0,4,AW00029859,B5E28EBD-35EC-4B57-B606-3E05DBCA429C,2014-09-12 11:15:07.263
29860,1121.0,1122.0,10,AW00029860,F9CFD187-277B-410A-939A-3BC608987DC6,2014-09-12 11:15:07.263
29861,1125.0,1126.0,3,AW00029861,80633C99-08B5-4672-B4C2-F3C64CECC98F,2014-09-12 11:15:07.263
29862,1127.0,1128.0,1,AW00029862,C45CC725-AA9A-46A8-8254-84577705A94F,2014-09-12 11:15:07.263
29863,1129.0,1130.0,6,AW00029863,9A89286E-FC9B-4A12-B2FE-BD1422CA061E,2014-09-12 11:15:07.263
29864,1131.0,1132.0,6,AW00029864,7DD63C65-3017-4787-A09E-57EFCDB7A1FA,2014-09-12 11:15:07.263
29865,1133.0,1134.0,4,AW00029865,319FECC0-A652-417F-AF3A-4AA99B2FF8DC,2014-09-12 11:15:07.263
29866,1135.0,1136.0,4,AW00029866,5F5BE7AD-3CD2-481C-93D2-66208B113DF8,2014-09-12 11:15:07.263
29867,1137.0,1138.0,1,AW00029867,8F805F22-745B-42AD-8130-AD8A7967B011,2014-09-12 11:15:07.263
29868,1139.0,1140.0,10,AW00029868,50B31B69-D44A-48A5-9B9B-6939D52B6CCA,2014-09-12 11:15:07.263
29869,1141.0,1142.0,7,AW00029869,DA423652-2D70-4F4D-B655-62E934915560,2014-09-12 11:15:07.263
29870,1143.0,1144.0,6,AW00029870,2B812910-AA99-4AE3-9A79-D39F0C95987A,2014-09-12 11:15:07.263
29871,1145.0,1146.0,4,AW00029871,AA2D309C-61D0-4DDF-A8E3-725E5763B6FF,2014-09-12 11:15:07.263
29872,1147.0,1148.0,3,AW00029872,D6A9A137-A2D8-4DDF-8490-A54B1112CB39,2014-09-12 11:15:07.263
29873,1149.0,1150.0,1,AW00029873,26EDD45C-0D00-48FE-9E65-8DDD0F813ACD,2014-09-12 11:15:07.263
29874,1151.0,1152.0,10,AW00029874,50C6EB16-1E62-4E5E-BD58-363288ECEAEA,2014-09-12 11:15:07.263
29875,1153.0,1154.0,7,AW00029875,3B41382E-C6CA-44B0-8BEA-E919242815B5,2014-09-12 11:15:07.263
29876,1155.0,1156.0,6,AW00029876,356088D1-23E5-4D45-86F2-E73D843CA4F5,2014-09-12 11:15:07.263
29877,1157.0,1158.0,3,AW00029877,C2E1E791-19C2-4E4B-81D1-96B98537FD41,2014-09-12 11:15:07.263
29878,1159.0,1160.0,8,AW00029878,E3837B02-03A4-47DE-BEC9-59F213ED4862,2014-09-12 11:15:07.263
29879,1161.0,1162.0,6,AW00029879,26C5A2AA-E63E-4207-BA56-AA3A6EECA363,2014-09-12 11:15:07.263
29880,1163.0,1164.0,5,AW00029880,DB7C8D0A-6A43-4745-B0D7-AC960AC6275C,2014-09-12 11:15:07.263
29881,1165.0,1166.0,6,AW00029881,15C9A0F9-C354-4EF3-87F6-A97398114F51,2014-09-12 11:15:07.263
29882,1167.0,1168.0,5,AW00029882,F1CBCCF6-B157-4E57-83BD-5B8EE7087B36,2014-09-12 11:15:07.263
29883,1169.0,1170.0,3,AW00029883,7814ACA5-869E-4DF2-B7C9-61B001F90F04,2014-09-12 11:15:07.263
29884,1171.0,1172.0,3,AW00029884,0BA43373-59D8-4B12-9723-60C6A2BDAF17,2014-09-12 11:15:07.263
29885,1173.0,1174.0,1,AW00029885,26C1FA1F-BF3D-40C7-BAE0-6DFD2FB3709B,2014-09-12 11:15:07.263
29886,1175.0,1176.0,2,AW00029886,B41DBD70-2E7B-43EF-9120-B7C201FD3F93,2014-09-12 11:15:07.263
29887,1177.0,1178.0,8,AW00029887,7C4432E9-3BAF-4572-92AB-82218CE36779,2014-09-12 11:15:07.263
29888,1181.0,1182.0,5,AW00029888,5603CF54-F6BA-4BBB-A319-0A8E4886ACED,2014-09-12 11:15:07.263
29889,1183.0,1184.0,4,AW00029889,CB6B9285-24EE-4795-8A96-499A11746331,2014-09-12 11:15:07.263
29890,1185.0,1186.0,1,AW00029890,D52D3EEA-DD3F-499C-9772-87DC5F43C6AE,2014-09-12 11:15:07.263
29891,1187.0,1188.0,3,AW00029891,D4B5CF9D-EE5F-4615-92E0-8574B5DFA705,2014-09-12 11:15:07.263
29892,1191.0,1192.0,6,AW00029892,916F4D7F-0CEA-40FE-8B4C-7C274813B876,2014-09-12 11:15:07.263
29893,1195.0,1196.0,4,AW00029893,4593AED0-75D0-4BCD-9AA0-8F2DF04BB8CC,2014-09-12 11:15:07.263
29894,1197.0,1198.0,8,AW00029894,68B0B6DE-5ECC-4FFB-A4A3-7497B9C57AB9,2014-09-12 11:15:07.263
29895,1199.0,1200.0,6,AW00029895,DB806B71-4B0C-472B-B77B-F72B8A10F2E5,2014-09-12 11:15:07.263
29896,1201.0,1202.0,5,AW00029896,C7D5180A-47A0-4FE5-98B6-B527BFF753DC,2014-09-12 11:15:07.263
29897,1203.0,1204.0,4,AW00029897,91592DA3-A8EB-4604-A95C-0AE09D2D31B6,2014-09-12 11:15:07.263
29898,1205.0,1206.0,1,AW00029898,2B2B0574-1062-4867-A352-18198B0F271A,2014-09-12 11:15:07.263
29899,1209.0,1210.0,7,AW00029899,F0CC55FE-B58A-42AE-802A-87D6E9E11951,2014-09-12 11:15:07.263
29900,1211.0,1212.0,6,AW00029900,B38782B7-6B43-4CA2-9069-5AF4359E97B3,2014-09-12 11:15:07.263
29901,1213.0,1214.0,4,AW00029901,8CE51EE0-13B9-4A4E-9B47-3A02439089A7,2014-09-12 11:15:07.263
29902,1215.0,1216.0,4,AW00029902,723A4C7F-288A-4E05-A895-41F170C44162,2014-09-12 11:15:07.263
29903,1217.0,1218.0,1,AW00029903,7492859B-F990-4993-96FD-861217EB4825,2014-09-12 11:15:07.263
29904,1219.0,1220.0,10,AW00029904,81464994-524B-4735-A5A7-1E88770AE0B0,2014-09-12 11:15:07.263
29905,1223.0,1224.0,6,AW00029905,B7428672-4B4E-4917-BBE5-80932183E7DB,2014-09-12 11:15:07.263
29906,1227.0,1228.0,3,AW00029906,FD02037F-6C68-43AE-8007-797A28CFD117,2014-09-12 11:15:07.263
29907,1229.0,1230.0,1,AW00029907,274AD75A-5647-4DC9-81C9-4FB6919375DB,2014-09-12 11:15:07.263
29908,1231.0,1232.0,10,AW00029908,F02107B3-5F5C-48D2-AEDB-58FC3E25C652,2014-09-12 11:15:07.263
29909,1233.0,1234.0,7,AW00029909,9706BA87-FFD7-4B4F-ACFC-A467E3E56990,2014-09-12 11:15:07.263
29910,1235.0,1236.0,6,AW00029910,2F9D7A0F-E131-438E-9B03-D813329B3A3C,2014-09-12 11:15:07.263
29911,1237.0,1238.0,6,AW00029911,55A68202-60E6-4439-BFCC-8C0A69AA7EBD,2014-09-12 11:15:07.263
29912,1239.0,1240.0,5,AW00029912,B0FB7B89-14D5-4E59-9808-EBD0AC70ABC4,2014-09-12 11:15:07.263
29913,1241.0,1242.0,3,AW00029913,C705B4C9-B341-4327-8635-DE0D0C879075,2014-09-12 11:15:07.263
29914,1243.0,1244.0,4,AW00029914,A4ED5B4F-19A2-4C26-A323-E952A84E6DD7,2014-09-12 11:15:07.263
29915,1245.0,1246.0,1,AW00029915,57C6F330-66ED-4B3E-8FBF-C01932E3C175,2014-09-12 11:15:07.263
29916,1247.0,1248.0,2,AW00029916,BA174882-48E0-4FB7-96FB-3C3E85AF0859,2014-09-12 11:15:07.263
29917,1249.0,1250.0,8,AW00029917,E81A6CB4-2862-4BE9-9D2B-C533160C3A6E,2014-09-12 11:15:07.263
29918,1251.0,1252.0,6,AW00029918,8F6A1402-DD2E-4098-821A-9A58FD67B3F7,2014-09-12 11:15:07.263
29919,1253.0,1254.0,4,AW00029919,5D0FA571-03D2-4614-8309-ABB42881AE6A,2014-09-12 11:15:07.263
29920,1255.0,1256.0,4,AW00029920,849BF03B-C4E8-4267-9B6F-D9EF87ADCF11,2014-09-12 11:15:07.263
29921,1257.0,1258.0,1,AW00029921,D4EFE5EE-0773-4D09-92F9-A7192D7F7F39,2014-09-12 11:15:07.263
29922,1259.0,1260.0,10,AW00029922,D532C98A-DB1A-46D5-8F34-A2E2D63DF722,2014-09-12 11:15:07.263
29923,1261.0,1262.0,7,AW00029923,ECAEE4DE-521E-44E8-9D7D-5B2EDB1E9C7E,2014-09-12 11:15:07.263
29924,1265.0,1266.0,3,AW00029924,E2EE9816-381F-400F-905A-59DCB42BE29B,2014-09-12 11:15:07.263
29925,1269.0,1270.0,1,AW00029925,13322D86-46C0-4E9C-A8BE-C67843616D80,2014-09-12 11:15:07.263
29926,1271.0,1272.0,10,AW00029926,25036429-A092-4D75-BF32-4136C15C3C1A,2014-09-12 11:15:07.263
29927,1273.0,1274.0,7,AW00029927,1E5C4B75-1B34-4699-AC5C-A820395AD7EC,2014-09-12 11:15:07.263
29928,1275.0,1276.0,6,AW00029928,3CE63665-21B9-4502-9AEC-6C7D73328850,2014-09-12 11:15:07.263
29929,1277.0,1278.0,4,AW00029929,AE0F0317-2254-4D4F-9F4D-B01BBB10B3A0,2014-09-12 11:15:07.263
29930,1279.0,1280.0,3,AW00029930,5DEF9D3E-0485-4CBE-9EC1-E5B1F01B3003,2014-09-12 11:15:07.263
29931,1281.0,1282.0,1,AW00029931,7A417F32-0878-45FF-A994-34ED19C5BB11,2014-09-12 11:15:07.263
29932,1283.0,1284.0,10,AW00029932,998BB200-E2AD-4E26-8266-CE8BF95CA4DE,2014-09-12 11:15:07.263
29933,1285.0,1286.0,7,AW00029933,693E0347-048C-472C-9E0B-D4BE79425301,2014-09-12 11:15:07.263
29934,1287.0,1288.0,6,AW00029934,9FBD68B6-4626-4E37-AF6C-B6C0F127A40A,2014-09-12 11:15:07.263
29935,1289.0,1290.0,1,AW00029935,70394DAC-8CBD-4C81-8A27-B1F8B5C041E8,2014-09-12 11:15:07.263
29936,1291.0,1292.0,1,AW00029936,91C863DB-F3F6-4EB6-B0F7-0A3EEF38E71B,2014-09-12 11:15:07.263
29937,1293.0,1294.0,4,AW00029937,B0E44FA0-449A-4BA2-8765-BB2EC784EB0F,2014-09-12 11:15:07.263
29938,1295.0,1296.0,4,AW00029938,8739BCCD-A0F4-496D-875E-46963B2F9723,2014-09-12 11:15:07.263
29939,1297.0,1298.0,6,AW00029939,5BA91047-0E9F-40F1-8D9C-2A493FC9343C,2014-09-12 11:15:07.263
29940,1299.0,1300.0,7,AW00029940,F28EA9C6-DA15-4C6E-B1DB-E1F874DB1A87,2014-09-12 11:15:07.263
29941,1301.0,1302.0,10,AW00029941,580D71E8-A211-4876-9C03-8EDC7D65F050,2014-09-12 11:15:07.263
29942,1303.0,1304.0,1,AW00029942,E5CE6BE8-E780-4358-B521-8E4878B2AF04,2014-09-12 11:15:07.263
29943,1305.0,1306.0,4,AW00029943,49E6F552-FB89-4F3B-AE4D-37D9493415D3,2014-09-12 11:15:07.263
29944,1307.0,1308.0,4,AW00029944,881137FC-AE6A-4FBD-B71A-4AF9C2F65914,2014-09-12 11:15:07.263
29945,1309.0,1310.0,5,AW00029945,BA695E95-FEEA-4E57-B7DE-C0F525B9CFFA,2014-09-12 11:15:07.263
29946,1311.0,1312.0,6,AW00029946,A578DDDD-4CAC-4D51-B60B-0C2F3B11AB13,2014-09-12 11:15:07.263
29947,1315.0,1316.0,2,AW00029947,599971DC-B5F6-4D76-AA3E-FBDFE0364F1A,2014-09-12 11:15:07.263
29948,1317.0,1318.0,4,AW00029948,4BF3D7ED-265D-4058-B516-134083182BDB,2014-09-12 11:15:07.263
29949,1319.0,1320.0,1,AW00029949,67582572-8246-4544-A083-502A1EEF1FA0,2014-09-12 11:15:07.263
29950,1321.0,1322.0,6,AW00029950,0631F720-A96D-4505-A07C-11A954A67F6B,2014-09-12 11:15:07.263
29951,1323.0,1324.0,7,AW00029951,72E0B133-7CB9-4CA5-8E92-B0BB3DE2963D,2014-09-12 11:15:07.263
29952,1325.0,1326.0,10,AW00029952,2675B45B-5DB9-4118-AD66-D09806903C25,2014-09-12 11:15:07.263
29953,1327.0,1328.0,1,AW00029953,7C6C2B33-FAA3-493C-8A74-21DF759833A9,2014-09-12 11:15:07.263
29954,1329.0,1330.0,4,AW00029954,D0E449EF-513F-4264-B2A6-25D67CADFEB6,2014-09-12 11:15:07.263
29955,1331.0,1332.0,3,AW00029955,B8A33E4F-4519-45E1-BCEA-25DC890B2387,2014-09-12 11:15:07.263
29956,1333.0,1334.0,4,AW00029956,8D4EFA1A-BF3A-49A8-BE7B-A53FF3E9CB52,2014-09-12 11:15:07.263
29957,1335.0,1336.0,4,AW00029957,E115475E-25DA-4139-8256-934F48C8453D,2014-09-12 11:15:07.263
29958,1337.0,1338.0,5,AW00029958,22629E3F-EB68-4752-85DC-F12E79BA3C9B,2014-09-12 11:15:07.263
29959,1339.0,1340.0,6,AW00029959,8CAC7BF4-D851-49F6-AFC1-E7BDC398BE26,2014-09-12 11:15:07.263
29960,1341.0,1342.0,9,AW00029960,83A23C98-CF55-4D5C-833B-65521C2F3E8C,2014-09-12 11:15:07.263
29961,1343.0,1344.0,2,AW00029961,7D7C02D1-27DE-479A-9764-F2F72E46EAC3,2014-09-12 11:15:07.263
29962,1345.0,1346.0,3,AW00029962,A9627A12-C4EC-4C3E-B611-4B6EADCE91C4,2014-09-12 11:15:07.263
29963,1349.0,1350.0,5,AW00029963,6A6C0A44-B870-4627-A471-8FC3FC3F0BCB,2014-09-12 11:15:07.263
29964,1351.0,1352.0,6,AW00029964,0616FFA0-9986-40CE-9FED-1ECBF7DEB9F0,2014-09-12 11:15:07.263
29965,1353.0,1354.0,9,AW00029965,408729AD-A65D-4469-99AD-DDA93C46E49F,2014-09-12 11:15:07.263
29966,1355.0,1356.0,2,AW00029966,31E203B8-4FA3-4528-A490-9C265830B7CF,2014-09-12 11:15:07.263
29967,1357.0,1358.0,3,AW00029967,C8DBB680-FAEA-4732-8DB2-CD6AD1B5226A,2014-09-12 11:15:07.263
29968,1361.0,1362.0,5,AW00029968,6FAF9443-B91D-45B4-88D7-5790FF6A8FD6,2014-09-12 11:15:07.263
29969,1363.0,1364.0,6,AW00029969,FAC812B2-C8B4-42FE-8641-F753856806B4,2014-09-12 11:15:07.263
29970,1365.0,1366.0,9,AW00029970,8444ACDC-3AEB-443E-AB0B-0942B3B9D325,2014-09-12 11:15:07.263
29971,1367.0,1368.0,6,AW00029971,B60C30F0-35AE-4892-9825-426D28DB59EA,2014-09-12 11:15:07.263
29972,1369.0,1370.0,9,AW00029972,8BF101C9-FC68-4A10-8831-8344A92E1311,2014-09-12 11:15:07.263
29973,1371.0,1372.0,3,AW00029973,A83DCD3C-D7DE-47D4-AB2E-F14062E50A2E,2014-09-12 11:15:07.263
29974,1373.0,1374.0,3,AW00029974,14036D92-CE29-4270-9C7C-51C8B443DD30,2014-09-12 11:15:07.263
29975,1375.0,1376.0,4,AW00029975,77083660-DDC4-4F13-877D-9E49E0854079,2014-09-12 11:15:07.263
29976,1377.0,1378.0,5,AW00029976,B803E3B8-ACBA-4577-9A90-480E454D5E86,2014-09-12 11:15:07.263
29977,1379.0,1380.0,7,AW00029977,C42B7518-F20F-4FA3-858D-2050231689FF,2014-09-12 11:15:07.263
29978,1381.0,1382.0,10,AW00029978,B6EF4AC3-0E63-4FB2-B284-E48B8CD64C73,2014-09-12 11:15:07.263
29979,1383.0,1384.0,7,AW00029979,1C7E1196-A851-4D92-A214-AD1EC9D2C08F,2014-09-12 11:15:07.263
29980,1385.0,1386.0,10,AW00029980,BFFDC3C2-C552-4F0E-AC58-F7FE76B9E854,2014-09-12 11:15:07.263
29981,1387.0,1388.0,1,AW00029981,E55500BB-3B2F-4082-9624-AB085BF73FE8,2014-09-12 11:15:07.263
29982,1391.0,1392.0,4,AW00029982,DA27541E-8F63-451D-8E58-EF11A02520A0,2014-09-12 11:15:07.263
29983,1393.0,1394.0,6,AW00029983,505C5789-F6A6-47C2-A700-E4F2506862EC,2014-09-12 11:15:07.263
29984,1395.0,1396.0,7,AW00029984,339233F7-2484-4351-B67A-F302DAB4E750,2014-09-12 11:15:07.263
29985,1397.0,1398.0,10,AW00029985,6C448FEE-B174-4E20-8DE0-7FF7F7F076DE,2014-09-12 11:15:07.263
29986,1399.0,1400.0,7,AW00029986,6E1DA9EC-FFAB-419F-A853-A01FD18B3FC7,2014-09-12 11:15:07.263
29987,1403.0,1404.0,4,AW00029987,7CB529E5-6532-4BB3-B38F-971C2E820A80,2014-09-12 11:15:07.263
29988,1405.0,1406.0,6,AW00029988,AD1F9AE6-49EA-45F8-8C72-9CF84183FA9B,2014-09-12 11:15:07.263
29989,1407.0,1408.0,7,AW00029989,482F6C60-12B2-4673-8E1B-A06BCB49BFA6,2014-09-12 11:15:07.263
29990,1409.0,1410.0,10,AW00029990,647BF848-E9FC-4CCD-ACB1-FF0EA9653B53,2014-09-12 11:15:07.263
29991,1411.0,1412.0,1,AW00029991,EC942FE9-2F5B-4B5D-A289-A061D6C4B873,2014-09-12 11:15:07.263
29992,1413.0,1414.0,4,AW00029992,4C8D76ED-B55A-4DFF-B7C9-F6AA5AD83CBF,2014-09-12 11:15:07.263
29993,1415.0,1416.0,5,AW00029993,C9C6F87E-1A98-46FE-9BB8-2F60BD24CD9E,2014-09-12 11:15:07.263
29994,1417.0,1418.0,6,AW00029994,2AA52DC6-2AE5-4729-9620-2D58100D2C6A,2014-09-12 11:15:07.263
29995,1419.0,1420.0,8,AW00029995,4D8F2289-6D75-48F9-A0C7-8687B5D08C04,2014-09-12 11:15:07.263
29996,1421.0,1422.0,2,AW00029996,3D4C017F-7FF1-490C-89E5-1B1F89AF73C7,2014-09-12 11:15:07.263
29997,1423.0,1424.0,1,AW00029997,DDBC698B-E010-4CF0-8DF6-E7062A29D4EA,2014-09-12 11:15:07.263
29998,1425.0,1426.0,4,AW00029998,511DF11A-B292-461D-B6CA-8991747096C2,2014-09-12 11:15:07.263
29999,1427.0,1428.0,5,AW00029999,DAB52FAB-94B5-4317-B661-47FA6ECE0489,2014-09-12 11:15:07.263
30000,1429.0,1430.0,6,AW00030000,F979676F-80E7-4445-B894-CE8CEA7EA5E2,2014-09-12 11:15:07.263
30001,1431.0,1432.0,8,AW00030001,797E4FB5-EC0F-4D29-9635-47F81D850EF9,2014-09-12 11:15:07.263
30002,1433.0,1434.0,2,AW00030002,FBF69287-871F-4DD1-A886-5ED4CE7AD236,2014-09-12 11:15:07.263
30003,1435.0,1436.0,3,AW00030003,A6FE5230-AFE5-4633-AD8B-84176A335960,2014-09-12 11:15:07.263
30004,1437.0,1438.0,1,AW00030004,927B8F21-1238-41AE-99BE-193B64D6ED39,2014-09-12 11:15:07.263
30005,1439.0,1440.0,10,AW00030005,0DF0ACF0-6D9C-4180-8577-46DB866C46C3,2014-09-12 11:15:07.263
30006,1441.0,1442.0,7,AW00030006,C152C07F-F202-4805-8D2E-5C4801BA038E,2014-09-12 11:15:07.263
30007,1443.0,1444.0,6,AW00030007,326589DF-6F6C-4F62-8332-554288779009,2014-09-12 11:15:07.263
30008,1447.0,1448.0,3,AW00030008,1E4996B9-004D-48AF-AB2E-F34064DDB2E1,2014-09-12 11:15:07.263
30009,1449.0,1450.0,2,AW00030009,8B5AAEA1-7E66-4623-B53F-CFC26A38BEFE,2014-09-12 11:15:07.263
30010,1453.0,1454.0,6,AW00030010,38814541-7E2A-4A6A-911F-5ED76DD0E481,2014-09-12 11:15:07.263
30011,1455.0,1456.0,5,AW00030011,8513A3B6-CBB1-4078-B766-8DE8BF494EC0,2014-09-12 11:15:07.263
30012,1457.0,1458.0,4,AW00030012,6EEE2E6B-C439-4D87-AD95-25EECFB1672C,2014-09-12 11:15:07.263
30013,1459.0,1460.0,5,AW00030013,4A64978E-08EF-46EE-8479-E1D52AF11774,2014-09-12 11:15:07.263
30014,1461.0,1462.0,2,AW00030014,4554192F-42A5-43F0-9EAD-6A841889B74B,2014-09-12 11:15:07.263
30015,1463.0,1464.0,9,AW00030015,C04E5E6C-EBCE-4052-B79F-FCBA37DEB5D4,2014-09-12 11:15:07.263
30016,1465.0,1466.0,6,AW00030016,009F9CFC-23A3-4B66-92BE-BACCE90985DC,2014-09-12 11:15:07.263
30017,1467.0,1468.0,5,AW00030017,9F0C2479-984C-42DC-B54A-95E991B12997,2014-09-12 11:15:07.263
30018,1469.0,1470.0,1,AW00030018,84FC26A4-3A90-4CB9-A04D-BE85E95C1ACF,2014-09-12 11:15:07.263
30019,1471.0,1472.0,10,AW00030019,226D328B-23D4-4215-B9C4-3DA08F2E68DB,2014-09-12 11:15:07.263
30020,1473.0,1474.0,7,AW00030020,260FD698-9250-4BB9-88E5-D52F12DFF199,2014-09-12 11:15:07.263
30021,1475.0,1476.0,6,AW00030021,1E32FA7F-E67B-4C0B-A58F-182B7D9560FE,2014-09-12 11:15:07.263
30022,1477.0,1478.0,4,AW00030022,1AA7F7B6-5A35-463C-B744-E9F8955901E3,2014-09-12 11:15:07.263
30023,1479.0,1480.0,3,AW00030023,0EB59B8A-807F-4596-AF6B-4D73AB4D0C75,2014-09-12 11:15:07.263
30024,1481.0,1482.0,1,AW00030024,CBF5C8D9-5718-4B1B-A066-19CDC432F4A8,2014-09-12 11:15:07.263
30025,1483.0,1484.0,10,AW00030025,838ACD04-5B60-459C-88CC-EF5D1D696E05,2014-09-12 11:15:07.263
30026,1485.0,1486.0,7,AW00030026,D2EB23A3-B046-4A93-888E-099683FD6451,2014-09-12 11:15:07.263
30027,1489.0,1490.0,4,AW00030027,029C27B5-72E5-4024-A5FA-53BDB42B98BC,2014-09-12 11:15:07.263
30028,1795.0,1796.0,4,AW00030028,D2C24D1F-C84B-4D96-82B9-66B729B3F1DD,2014-09-12 11:15:07.263
30029,1797.0,1798.0,6,AW00030029,8330F126-BD54-4F8C-9C16-FAB34B7CA54E,2014-09-12 11:15:07.263
30030,1801.0,1802.0,10,AW00030030,7F98308D-CDBC-4143-A080-1C10053E1054,2014-09-12 11:15:07.263
30031,1803.0,1804.0,1,AW00030031,8979685D-B1DF-450A-A296-423F1E2B1056,2014-09-12 11:15:07.263
30032,1805.0,1806.0,3,AW00030032,2C8B69DF-E0B4-41F8-964E-7B0CD40B6BC8,2014-09-12 11:15:07.263
30033,1807.0,1808.0,1,AW00030033,66193607-693C-4073-BE28-78E3892141A2,2014-09-12 11:15:07.263
30034,1809.0,1810.0,1,AW00030034,5C37794C-6CE1-4C0E-A4E0-D616E6986B51,2014-09-12 11:15:07.263
30035,1811.0,1812.0,4,AW00030035,E8796105-7273-4288-A7F4-6A0EC7092B9B,2014-09-12 11:15:07.263
30036,1813.0,1814.0,4,AW00030036,F98903D8-A633-4004-AD3B-C7EF0845616B,2014-09-12 11:15:07.263
30037,1815.0,1816.0,6,AW00030037,F1141256-0A49-42D0-AF3D-5D3E0FE6C05E,2014-09-12 11:15:07.263
30038,1817.0,1818.0,9,AW00030038,138ED7B3-65BC-47BE-A27C-4869B405F12C,2014-09-12 11:15:07.263
30039,1821.0,1822.0,3,AW00030039,4FF665F4-4CBF-42FF-AEDE-F0F73775B094,2014-09-12 11:15:07.263
30040,1823.0,1824.0,4,AW00030040,E6D036B6-1FAA-44C9-8AEC-6C9433BEBAB3,2014-09-12 11:15:07.263
30041,1825.0,1826.0,5,AW00030041,BE4B2484-A89C-44FC-93EE-D0A486122720,2014-09-12 11:15:07.263
30042,1827.0,1828.0,6,AW00030042,A2B42E44-F4A3-4832-98F5-76BC1B928CF8,2014-09-12 11:15:07.263
30043,1829.0,1830.0,7,AW00030043,BD5AB208-88C3-4AE3-B22D-626DFE6B4886,2014-09-12 11:15:07.263
30044,1831.0,1832.0,10,AW00030044,BA59C532-D2BA-4613-837F-893022F6E155,2014-09-12 11:15:07.263
30045,1833.0,1834.0,1,AW00030045,4C70024F-CAF8-4349-9E00-435661769812,2014-09-12 11:15:07.263
30046,1835.0,1836.0,4,AW00030046,C84E8115-5454-4FF6-A6F6-5342A4A01B6C,2014-09-12 11:15:07.263
30047,1837.0,1838.0,4,AW00030047,BE9B7B8E-80AC-4DDD-A35B-4D70E3631AA2,2014-09-12 11:15:07.263
30048,1839.0,1840.0,6,AW00030048,435C6A1B-180C-4E92-96AA-6E8CB6C769CD,2014-09-12 11:15:07.263
30049,1841.0,1842.0,7,AW00030049,727144BF-28F9-41AC-A343-4CA41B4A13A5,2014-09-12 11:15:07.263
30050,1843.0,1844.0,10,AW00030050,2492E57F-C37B-4AEB-A038-C3F897111232,2014-09-12 11:15:07.263
30051,1845.0,1846.0,1,AW00030051,CBA8A194-7D3A-45DF-ADDA-4A4B6C8FCC95,2014-09-12 11:15:07.263
30052,1849.0,1850.0,4,AW00030052,C8C9C968-F0C6-44B1-9D44-7E0AA9D39260,2014-09-12 11:15:07.263
30053,1851.0,1852.0,6,AW00030053,6ED7E1B6-3749-485C-BFED-92AE1CA427B3,2014-09-12 11:15:07.263
30054,1855.0,1856.0,2,AW00030054,70492F4C-CBB0-4A8C-B513-0FB4C9335C88,2014-09-12 11:15:07.263
30055,1857.0,1858.0,3,AW00030055,D075A674-CAC6-482E-BF78-5093DDBB23E7,2014-09-12 11:15:07.263
30056,1859.0,1860.0,4,AW00030056,89324B36-4A2E-470C-823A-93D3C1E6F3B0,2014-09-12 11:15:07.263
30057,1861.0,1862.0,5,AW00030057,3631E1D2-F061-427D-ABB9-27417D8A4AF1,2014-09-12 11:15:07.263
30058,1863.0,1864.0,6,AW00030058,0C873F42-B527-4A71-A793-5B20F566E1D0,2014-09-12 11:15:07.263
30059,1865.0,1866.0,9,AW00030059,88D02A8D-2223-4008-8B37-E33C1A6513CC,2014-09-12 11:15:07.263
30060,1867.0,1868.0,2,AW00030060,C312844F-B9C1-43EE-B900-28F2B8F206D0,2014-09-12 11:15:07.263
30061,1869.0,1870.0,4,AW00030061,6D42EC9D-BBDC-4CEE-AF72-306A3BD800C2,2014-09-12 11:15:07.263
30062,1871.0,1872.0,5,AW00030062,BDD64745-FEB0-4E08-8FA3-9529002AEE96,2014-09-12 11:15:07.263
30063,1873.0,1874.0,4,AW00030063,2A6FC73A-ECAF-4E0C-BE76-16C011A6E27D,2014-09-12 11:15:07.263
30064,1875.0,1876.0,1,AW00030064,14E2DDF8-D5FA-4BEB-A103-75BBF747F14D,2014-09-12 11:15:07.263
30065,1877.0,1878.0,2,AW00030065,4F4AF2AD-352F-40A1-AD23-0951B46B7061,2014-09-12 11:15:07.263
30066,1879.0,1880.0,8,AW00030066,30406E4D-71C4-40F2-A8A6-D6034AACCCDD,2014-09-12 11:15:07.263
30067,1881.0,1882.0,6,AW00030067,67FCFC2C-8E14-45E7-B72D-2D4D7558C454,2014-09-12 11:15:07.263
30068,1883.0,1884.0,5,AW00030068,EC8A02E9-BA82-4A26-92C3-3324A358677B,2014-09-12 11:15:07.263
30069,1885.0,1886.0,4,AW00030069,FFE5DE91-A621-482D-BD73-7D6B86DB4F18,2014-09-12 11:15:07.263
30070,1887.0,1888.0,1,AW00030070,DF8629B4-8A88-4979-9A0B-1390939662C0,2014-09-12 11:15:07.263
30071,1889.0,1890.0,1,AW00030071,7632AB5E-B59A-48D9-BD6E-DBBC7FA58914,2014-09-12 11:15:07.263
30072,1891.0,1892.0,10,AW00030072,9BBBDDC1-8E1A-4EDF-AA2F-A8ABEA78C940,2014-09-12 11:15:07.263
30073,1893.0,1894.0,7,AW00030073,21A0ACB0-C6AE-4218-B7E5-C3C717440E6A,2014-09-12 11:15:07.263
30074,1895.0,1896.0,6,AW00030074,55E89B26-C63C-435D-AB1A-99C96771493B,2014-09-12 11:15:07.263
30075,1897.0,1898.0,5,AW00030075,B0746FA5-ABA5-45BE-B13B-146ADC8C8D6F,2014-09-12 11:15:07.263
30076,1899.0,1900.0,3,AW00030076,98B44E06-1ED0-47C0-8396-31AB241EE995,2014-09-12 11:15:07.263
30077,1901.0,1902.0,5,AW00030077,19B40B14-3B9A-4068-B25B-F4E7062DD4FE,2014-09-12 11:15:07.263
30078,1903.0,1904.0,2,AW00030078,625404A0-C066-490A-B029-58F2B688114F,2014-09-12 11:15:07.263
30079,1905.0,1906.0,8,AW00030079,8CE3691F-D3CB-48F4-AB10-32F4C429420E,2014-09-12 11:15:07.263
30080,1909.0,1910.0,1,AW00030080,E092FFA5-31E5-471E-B2C5-653730617416,2014-09-12 11:15:07.263
30081,1911.0,1912.0,5,AW00030081,8342094E-4A70-4BD5-AE6A-686F80C05F74,2014-09-12 11:15:07.263
30082,1913.0,1914.0,8,AW00030082,D016C2B6-AC69-437D-88BD-1CBD844D95DF,2014-09-12 11:15:07.263
30083,1915.0,1916.0,6,AW00030083,B55CB46C-7C76-4723-A120-DAF3CA003009,2014-09-12 11:15:07.263
30084,1917.0,1918.0,5,AW00030084,6C3F9919-B274-4AF7-9637-7DC86CD6F0DA,2014-09-12 11:15:07.263
30085,1923.0,1924.0,5,AW00030085,24BFB0FB-82AE-4B52-B7E7-31907149FE29,2014-09-12 11:15:07.263
30086,1925.0,1926.0,8,AW00030086,C634CA2E-576E-4E7C-AA57-4F709CE55B0C,2014-09-12 11:15:07.263
30087,1927.0,1928.0,6,AW00030087,A48662D5-C698-4048-9546-C562DF2AC4E8,2014-09-12 11:15:07.263
30088,1929.0,1930.0,5,AW00030088,C820D1E7-3728-4AA3-95E5-A0188179B538,2014-09-12 11:15:07.263
30089,1931.0,1932.0,4,AW00030089,8D6AF1E8-5082-4E5C-9F15-DFD04E64FD95,2014-09-12 11:15:07.263
30090,1933.0,1934.0,4,AW00030090,76A81A79-27AC-4375-BB24-2A360B9471EE,2014-09-12 11:15:07.263
30091,1935.0,1936.0,2,AW00030091,CAF43193-E48D-4587-83E9-AC2C3DFB7471,2014-09-12 11:15:07.263
30092,1937.0,1938.0,9,AW00030092,4CF84689-7AA6-4B8D-B226-07A5606F3AC0,2014-09-12 11:15:07.263
30093,1939.0,1940.0,6,AW00030093,0F8FB794-1025-4BFF-8219-2F19E09DC4AB,2014-09-12 11:15:07.263
30094,1943.0,1944.0,4,AW00030094,091CE76C-504B-46B9-9BBC-924CDC0C7B8D,2014-09-12 11:15:07.263
30095,1945.0,1946.0,4,AW00030095,F4038305-63BC-4AAD-861C-30583BE7FDE7,2014-09-12 11:15:07.263
30096,1947.0,1948.0,2,AW00030096,C54EDD43-E48A-4DB4-A65A-62FC40F75456,2014-09-12 11:15:07.263
30097,1949.0,1950.0,9,AW00030097,486EF1EF-8401-42AE-8E1F-A2663ADBA70D,2014-09-12 11:15:07.263
30098,1951.0,1952.0,6,AW00030098,8EA3BF8E-37A9-439E-90AC-DA1F8F8FA6F3,2014-09-12 11:15:07.263
30099,1953.0,1954.0,5,AW00030099,6C6136BD-08E9-40D9-B143-858FFD4A7802,2014-09-12 11:15:07.263
30100,1955.0,1956.0,4,AW00030100,ABC5D37C-0DAB-42C0-AA94-3C688C6EAE0E,2014-09-12 11:15:07.263
30101,1957.0,1958.0,7,AW00030101,F3CE014C-E5EE-46BF-9E07-F9B410E1E8B5,2014-09-12 11:15:07.263
30102,1959.0,1960.0,10,AW00030102,0EE7E95D-F12D-4D0D-8C6E-C64A0DDA719A,2014-09-12 11:15:07.263
30103,1961.0,1962.0,7,AW00030103,4EBA3D1F-F551-40FA-8DE5-F3799214EC27,2014-09-12 11:15:07.263
30104,1963.0,1964.0,10,AW00030104,AA874CB8-C96F-44DE-93BF-C1311238BD1D,2014-09-12 11:15:07.263
30105,1965.0,1966.0,1,AW00030105,67CA966E-B20F-4230-B81C-42F0919D3EE6,2014-09-12 11:15:07.263
30106,1967.0,1968.0,4,AW00030106,CA0D950A-A3FE-41C6-9B1A-125A5002DAFA,2014-09-12 11:15:07.263
30107,1969.0,1970.0,1,AW00030107,AC07DA4A-9FB0-4832-8219-5B6D43DD13D8,2014-09-12 11:15:07.263
30108,1971.0,1972.0,6,AW00030108,A588EE77-50EE-445F-989B-E8DD9B31D587,2014-09-12 11:15:07.263
30109,1975.0,1976.0,3,AW00030109,71F5E3BB-78BD-426F-B75A-EEB76DC21473,2014-09-12 11:15:07.263
30110,1977.0,1978.0,4,AW00030110,4460C7AA-FE06-4D56-98CB-6DE6E050D73A,2014-09-12 11:15:07.263
30111,1979.0,1980.0,3,AW00030111,D414D91F-8ABE-47DE-A576-DDD881E955DC,2014-09-12 11:15:07.263
30112,1981.0,1982.0,1,AW00030112,B2E90958-4A9B-40F9-A8D8-091600B856B2,2014-09-12 11:15:07.263
30113,1983.0,1984.0,10,AW00030113,84975C44-DC82-49D3-BFC4-8F31B4C8E994,2014-09-12 11:15:07.263
30114,1985.0,1986.0,7,AW00030114,97154F3D-28F1-4B15-AE03-9518B781ECE3,2014-09-12 11:15:07.263
30115,1987.0,1988.0,6,AW00030115,E4CF8FD5-30A4-4B8E-8FD8-47032E255778,2014-09-12 11:15:07.263
30116,1989.0,1990.0,4,AW00030116,EC409609-D25D-41B8-9D15-A1AA6E89FC77,2014-09-12 11:15:07.263
30117,1991.0,1992.0,4,AW00030117,6F08E2FB-1CD3-4F6E-A2E6-385669598B19,2014-09-12 11:15:07.263
30118,1993.0,1994.0,3,AW00030118,2495B4EB-FE8B-459E-A1B6-DBA25C04E626,2014-09-12 11:15:07.263
